isoform_id,bam1_count,bam2_count
CHS.1.1,0,984
CHS.10123.2,4,0
CHS.10139.8,2,0
CHS.10155.7,1,0
CHS.10157.12,2,0
CHS.10163.4,2,0
CHS.10234.3,2,0
CHS.10267.3,6,0
CHS.10267.5,6,0
CHS.1032.16,2,0
CHS.1032.5,6,0
CHS.10368.8,2,0
CHS.10369.3,2,0
CHS.10373.2,2,0
CHS.10636.4,2,0
CHS.1076.49,2,0
CHS.10781.15,6,0
CHS.10781.17,2,0
CHS.10781.2,8,0
CHS.10781.3,2,0
CHS.10806.6,2,0
CHS.10813.1,2,0
CHS.10813.13,4,0
CHS.10813.18,2,0
CHS.10823.6,2,0
CHS.10830.9,2,0
CHS.1085.14,2,0
CHS.1087.8,2,0
CHS.1092.24,4,0
CHS.1097.5,2,0
CHS.11044.6,4,0
CHS.11110.2,2,0
CHS.11186.4,2,0
CHS.11268.25,2,0
CHS.11301.11,2,0
CHS.1133.3,2,0
CHS.11438.11,2,0
CHS.11453.3,2,0
CHS.11455.3,2,0
CHS.11455.7,2,0
CHS.11547.9,1,0
CHS.11556.4,2,0
CHS.11557.8,4,0
CHS.11561.2,2,0
CHS.11576.22,4,0
CHS.11576.8,2,0
CHS.11578.16,4,0
CHS.11578.9,2,0
CHS.11602.32,2,0
CHS.11607.8,2,0
CHS.11629.9,2,0
CHS.1171.4,2,0
CHS.11716.10,2,0
CHS.11730.2,2,0
CHS.11736.6,2,0
CHS.11738.2,2,0
CHS.11740.3,2,0
CHS.11748.22,2,0
CHS.11788.4,2,0
CHS.11790.2,2,0
CHS.11790.3,2,0
CHS.11800.1,2,0
CHS.11859.22,2,0
CHS.11867.1,4,0
CHS.11868.2,2,0
CHS.11868.3,10,0
CHS.11875.15,2,0
CHS.119.3,0,128
CHS.11900.5,8,0
CHS.11906.14,4,0
CHS.11929.4,2,0
CHS.11943.9,2,0
CHS.11948.15,2,0
CHS.11972.21,2,0
CHS.120.4,2,0
CHS.1208.38,2,0
CHS.1208.6,2,0
CHS.12117.6,2,0
CHS.12135.3,2,0
CHS.1222.3,2,0
CHS.12225.1,2,0
CHS.12225.16,2,0
CHS.12225.18,2,0
CHS.12225.2,2,0
CHS.12261.27,2,0
CHS.12288.1,1,0
CHS.123.29,2,0
CHS.123.5,2,0
CHS.12322.1,1,0
CHS.123299.1,0,237
CHS.123547.1,2,0
CHS.123778.1,1,0
CHS.123786.1,1,0
CHS.12381.1,2,0
CHS.124041.1,2,0
CHS.12456.3,2,0
CHS.12489.4,2,0
CHS.124924.1,4,0
CHS.124962.1,4,0
CHS.125273.1,3,0
CHS.12529.5,2,0
CHS.12533.2,2,0
CHS.12533.3,2,0
CHS.125336.1,2,0
CHS.125577.1,8,0
CHS.125651.1,2,0
CHS.12579.2,2,0
CHS.126019.1,2,0
CHS.12603.37,2,0
CHS.12610.12,2,0
CHS.1262.5,2,0
CHS.12656.1,2,0
CHS.12660.54,2,0
CHS.126694.1,14,0
CHS.126862.1,2,0
CHS.12693.5,2,0
CHS.127121.1,2,0
CHS.12725.6,2,0
CHS.127387.1,2,0
CHS.12749.5,2,0
CHS.127495.1,2,0
CHS.12754.2,2,0
CHS.12754.3,2,0
CHS.12759.1,3,0
CHS.127851.1,2,0
CHS.127855.1,2,0
CHS.12789.12,2,0
CHS.12799.25,2,0
CHS.12799.7,2,0
CHS.12800.21,2,0
CHS.12805.1,2,0
CHS.128084.1,4,0
CHS.128084.2,4,0
CHS.128523.1,6,0
CHS.128841.1,1,0
CHS.129059.1,2,0
CHS.1292.22,2,0
CHS.12923.34,2,0
CHS.129358.1,2,0
CHS.129416.1,2,0
CHS.129477.1,2,0
CHS.1295.1,2,0
CHS.12959.2,2,0
CHS.12960.17,4,0
CHS.12960.2,2,0
CHS.12960.3,8,0
CHS.129628.1,2,0
CHS.12977.10,2,0
CHS.129837.1,2,0
CHS.12988.10,2,0
CHS.13021.8,2,0
CHS.13051.1,1,0
CHS.13070.16,2,0
CHS.131313.1,0,1043
CHS.131314.1,0,109
CHS.13143.28,2,0
CHS.13149.3,6,0
CHS.13155.1,2,0
CHS.131656.1,2,0
CHS.13270.1,2,0
CHS.134060.1,2,0
CHS.13532.14,2,0
CHS.136193.1,2,0
CHS.13620.2,2,0
CHS.13633.15,2,0
CHS.13645.12,2,0
CHS.13712.4,2,0
CHS.1384.1,2,0
CHS.13841.2,2,0
CHS.138702.1,2,0
CHS.13871.2,2,0
CHS.138729.1,2,0
CHS.13877.12,2,0
CHS.13882.2,2,0
CHS.13900.17,2,0
CHS.139259.1,0,816
CHS.13966.5,2,0
CHS.1397.2,2,0
CHS.13976.1,4,0
CHS.13976.2,10,0
CHS.13976.3,3,0
CHS.13993.10,4,0
CHS.13993.9,10,0
CHS.14005.6,2,0
CHS.14033.13,2,0
CHS.14033.2,2,0
CHS.14067.4,2,0
CHS.140813.1,1,0
CHS.141078.1,2,0
CHS.143180.1,1,0
CHS.143318.1,2,0
CHS.143320.1,2,0
CHS.143322.1,2,0
CHS.1434.7,2,0
CHS.143462.1,4,0
CHS.144079.1,0,338
CHS.144083.1,0,419
CHS.14562.2,2,0
CHS.1458.3,6,0
CHS.14612.8,2,0
CHS.14733.12,2,0
CHS.148.20,2,0
CHS.1484.3,2,0
CHS.148656.1,4,0
CHS.149.14,0,108
CHS.14969.33,1,0
CHS.14972.2,2,0
CHS.14995.22,2,0
CHS.15028.12,2,0
CHS.15036.13,2,0
CHS.15036.74,2,0
CHS.15038.1,2,0
CHS.150488.1,12,0
CHS.15090.7,2,0
CHS.15099.2,2,0
CHS.15103.21,2,0
CHS.15104.29,2,0
CHS.15107.15,4,0
CHS.15252.6,2,0
CHS.15257.2,2,0
CHS.15269.4,1,0
CHS.15383.28,2,0
CHS.153832.1,2,0
CHS.15414.4,2,0
CHS.15418.5,2,0
CHS.15427.9,2,0
CHS.15449.4,2,0
CHS.15504.33,2,0
CHS.15560.2,2,0
CHS.15561.2,2,0
CHS.15571.4,2,0
CHS.15601.1,2,0
CHS.156294.1,2,0
CHS.15645.53,2,0
CHS.15681.4,2,0
CHS.15714.13,2,0
CHS.15779.15,2,0
CHS.15779.4,2,0
CHS.15813.1,2,0
CHS.15895.1,2,0
CHS.15952.2,2,0
CHS.1597.21,4,0
CHS.160.14,0,320
CHS.16030.15,2,0
CHS.16068.12,2,0
CHS.16149.1,2,0
CHS.161851.1,2,0
CHS.16209.2,2,0
CHS.16212.17,2,0
CHS.1627.57,1,0
CHS.16296.3,2,0
CHS.16359.4,2,0
CHS.16445.1,4,0
CHS.16445.2,4,0
CHS.165400.1,2,0
CHS.166002.1,2,0
CHS.166413.1,12,0
CHS.166726.2,2,0
CHS.166726.4,2,0
CHS.166734.2,0,508
CHS.166734.3,0,739
CHS.166735.1,0,252
CHS.166740.1,2,206
CHS.166741.1,0,155
CHS.167096.1,2,0
CHS.167218.1,1,0
CHS.167698.1,2,0
CHS.16904.9,2,0
CHS.1691.2,2,0
CHS.16912.1,2,0
CHS.16942.3,2,0
CHS.169438.16,2,0
CHS.16971.24,2,0
CHS.16983.2,2,0
CHS.17075.5,2,0
CHS.17076.2,2,0
CHS.17147.19,2,0
CHS.17147.3,2,0
CHS.17168.2,2,0
CHS.17174.4,2,0
CHS.17193.7,2,0
CHS.17243.2,14,0
CHS.17306.4,2,0
CHS.17364.16,4,0
CHS.17371.7,2,0
CHS.17379.9,4,0
CHS.174309.1,2,0
CHS.174314.1,6,0
CHS.174316.1,2,0
CHS.174318.1,2,0
CHS.174348.1,2,0
CHS.174472.1,2,0
CHS.17448.3,2,0
CHS.174559.1,1,0
CHS.1746.26,2,0
CHS.174674.1,2,0
CHS.17470.2,2,0
CHS.174986.1,2,0
CHS.175348.1,6,0
CHS.175351.1,4,0
CHS.17537.8,2,0
CHS.17564.16,2,0
CHS.17588.19,2,0
CHS.17625.13,2,0
CHS.17625.36,2,0
CHS.17625.4,2,0
CHS.17628.2,2,0
CHS.17635.9,2,0
CHS.17637.1,8,0
CHS.17680.5,2,0
CHS.17694.2,4,0
CHS.17694.3,4,0
CHS.17766.13,2,0
CHS.17766.16,2,0
CHS.17766.17,2,0
CHS.17769.33,2,0
CHS.17772.39,2,0
CHS.17845.9,2,0
CHS.17888.9,2,0
CHS.17972.2,2,0
CHS.17986.1,2,0
CHS.17986.2,2,0
CHS.17988.2,1,0
CHS.17988.40,1,0
CHS.18054.62,2,0
CHS.18082.1,4,0
CHS.18082.2,4,0
CHS.18147.6,2,0
CHS.18236.6,2,0
CHS.1824.3,2,0
CHS.18248.1,2,0
CHS.18251.2,1,0
CHS.1829.19,2,0
CHS.18307.3,2,0
CHS.18422.18,2,0
CHS.18655.18,2,0
CHS.18770.47,2,0
CHS.1879.1,2,0
CHS.18792.5,6,0
CHS.18792.8,6,0
CHS.18815.16,2,0
CHS.18824.2,2,0
CHS.18855.1,2,0
CHS.18855.9,4,0
CHS.18907.44,2,0
CHS.18972.1,4,0
CHS.18975.5,2,0
CHS.19038.4,2,0
CHS.19078.49,2,0
CHS.19113.14,2,0
CHS.19113.4,2,0
CHS.19238.6,4,0
CHS.19238.7,2,0
CHS.1929.21,2,0
CHS.19291.1,2,0
CHS.19326.19,2,0
CHS.19326.20,2,0
CHS.19343.32,2,0
CHS.19370.1,2,0
CHS.19382.7,2,0
CHS.19424.2,2,0
CHS.19457.6,2,0
CHS.19494.3,2,0
CHS.19501.1,2,0
CHS.19508.1,2,0
CHS.19513.10,2,0
CHS.19539.13,2,0
CHS.19539.8,2,0
CHS.19551.2,1,0
CHS.1958.7,2,0
CHS.1960.5,2,0
CHS.19612.2,2,0
CHS.19655.1,2,0
CHS.19738.3,4,0
CHS.19812.5,2,0
CHS.19874.36,2,0
CHS.19874.38,2,0
CHS.2.1,0,572
CHS.20006.3,2,0
CHS.20016.3,4,0
CHS.2005.8,2,0
CHS.20125.1,1,0
CHS.20155.29,2,0
CHS.20190.21,2,0
CHS.20218.15,2,0
CHS.20230.18,2,0
CHS.20239.2,2,0
CHS.20246.2,2,0
CHS.20247.1,2,0
CHS.20247.26,4,0
CHS.20288.9,2,0
CHS.20356.5,2,0
CHS.20356.8,2,0
CHS.20432.3,2,0
CHS.20434.2,2,0
CHS.20445.1,2,0
CHS.20483.5,2,0
CHS.20504.5,2,0
CHS.20508.10,2,0
CHS.20545.1,2,0
CHS.20553.11,2,0
CHS.20553.5,2,0
CHS.20553.6,2,0
CHS.20630.10,2,0
CHS.2067.22,2,0
CHS.2067.24,2,0
CHS.2067.6,2,0
CHS.2067.7,1,0
CHS.20734.1,2,0
CHS.20734.16,6,0
CHS.20736.24,2,0
CHS.20740.1,2,0
CHS.20763.12,2,0
CHS.20895.5,4,0
CHS.20917.10,2,0
CHS.21008.1,2,0
CHS.21024.4,2,0
CHS.21075.13,4,0
CHS.21075.3,2,0
CHS.21094.2,2,0
CHS.21096.6,2,0
CHS.21206.1,2,0
CHS.21232.49,2,0
CHS.21282.1,4,0
CHS.21282.3,2,0
CHS.21297.28,2,0
CHS.2140.2,2,0
CHS.21407.2,2,0
CHS.21424.4,2,0
CHS.21430.6,2,0
CHS.21565.5,2,0
CHS.21644.8,1,0
CHS.21659.14,2,0
CHS.21691.4,2,0
CHS.21692.7,2,0
CHS.21693.1,2,0
CHS.21693.2,4,0
CHS.21707.1,2,0
CHS.21707.17,2,0
CHS.21709.12,2,0
CHS.21736.10,2,0
CHS.21764.1,2,0
CHS.21778.29,2,0
CHS.21816.12,4,0
CHS.21816.14,2,0
CHS.21820.1,2,0
CHS.21890.1,2,0
CHS.21891.9,2,0
CHS.21901.1,2,0
CHS.21909.19,2,0
CHS.21909.8,2,0
CHS.22024.1,2,0
CHS.22037.14,2,0
CHS.22054.1,3,0
CHS.22054.16,1,0
CHS.22080.14,1,0
CHS.22101.13,2,0
CHS.22109.1,2,0
CHS.22109.4,2,0
CHS.22129.1,2,0
CHS.22225.2,2,0
CHS.22291.1,2,0
CHS.22310.3,2,0
CHS.22310.5,4,0
CHS.22503.29,2,0
CHS.22519.4,2,0
CHS.22519.7,2,0
CHS.22532.7,1,0
CHS.22540.2,2,0
CHS.22541.2,2,0
CHS.22545.11,2,0
CHS.22580.29,2,0
CHS.22583.2,2,0
CHS.22596.6,2,0
CHS.22605.1,2,0
CHS.22611.2,2,0
CHS.22613.5,2,0
CHS.22620.27,2,0
CHS.22690.48,2,0
CHS.22708.2,2,0
CHS.22712.1,2,0
CHS.22843.3,2,0
CHS.22868.23,2,0
CHS.22932.4,2,0
CHS.23041.1,2,0
CHS.23051.31,2,0
CHS.23058.17,2,0
CHS.23232.1,2,0
CHS.23236.1,2,0
CHS.23242.5,2,0
CHS.23249.9,2,0
CHS.23259.9,1,0
CHS.2327.9,1,0
CHS.2329.1,2,0
CHS.2329.2,2,0
CHS.2335.12,2,0
CHS.23395.2,2,0
CHS.23483.8,1,0
CHS.23541.11,2,0
CHS.23541.3,4,0
CHS.23541.4,2,0
CHS.23541.7,2,0
CHS.23563.20,2,0
CHS.23563.24,2,0
CHS.23565.2,2,0
CHS.240.16,2,0
CHS.24093.7,2,0
CHS.24303.9,2,0
CHS.2439.3,2,0
CHS.24442.6,2,0
CHS.24453.1,2,0
CHS.24464.5,2,0
CHS.24470.25,2,0
CHS.24584.14,2,0
CHS.24604.16,2,0
CHS.24617.7,2,0
CHS.2462.6,2,0
CHS.24624.32,2,0
CHS.24624.38,2,0
CHS.24624.9,2,0
CHS.24754.24,2,0
CHS.24758.33,2,0
CHS.24762.13,2,0
CHS.24766.4,2,0
CHS.24808.4,2,0
CHS.24946.1,2,0
CHS.24946.21,2,0
CHS.2497.13,2,0
CHS.25009.28,2,0
CHS.2514.10,2,0
CHS.25155.4,2,0
CHS.25162.5,2,0
CHS.25166.4,2,0
CHS.25190.4,2,0
CHS.25258.1,2,0
CHS.25270.2,4,0
CHS.2532.3,2,0
CHS.25362.1,1,0
CHS.25378.1,2,0
CHS.2540.2,2,0
CHS.25482.8,2,0
CHS.25547.2,2,0
CHS.25563.5,2,0
CHS.25607.74,2,0
CHS.25642.25,2,0
CHS.25642.6,2,0
CHS.25682.19,2,0
CHS.25692.32,2,0
CHS.25815.2,2,0
CHS.25815.9,2,0
CHS.25816.1,1,0
CHS.25868.1,2,0
CHS.2589.21,2,0
CHS.25898.3,2,0
CHS.26002.23,2,0
CHS.2602.1,2,0
CHS.2604.8,2,0
CHS.26047.1,2,0
CHS.26065.10,2,0
CHS.26104.14,2,0
CHS.26104.15,2,0
CHS.26104.21,2,0
CHS.26124.4,2,0
CHS.26194.2,2,0
CHS.262.6,1,0
CHS.26270.2,2,0
CHS.2636.11,2,0
CHS.26417.21,2,0
CHS.26417.7,2,0
CHS.26472.1,2,0
CHS.26502.15,2,0
CHS.26503.17,2,0
CHS.2654.5,2,0
CHS.26548.3,2,0
CHS.26550.3,1,0
CHS.26629.1,2,0
CHS.26641.5,2,0
CHS.26650.8,1,0
CHS.26652.24,2,0
CHS.26692.7,2,0
CHS.26692.8,2,0
CHS.26747.4,2,0
CHS.26784.1,2,0
CHS.26784.3,2,0
CHS.2681.8,2,0
CHS.26818.13,2,0
CHS.26818.2,2,0
CHS.27.1,0,782
CHS.27.5,0,459
CHS.27.7,0,802
CHS.27078.18,2,0
CHS.27177.22,2,0
CHS.27214.7,2,0
CHS.27238.17,2,0
CHS.27253.1,2,0
CHS.27253.2,2,0
CHS.27253.3,2,0
CHS.27254.14,2,0
CHS.27254.2,6,0
CHS.27293.6,2,0
CHS.27438.5,2,0
CHS.27565.8,2,0
CHS.27612.4,1,0
CHS.27652.2,2,0
CHS.27673.2,2,0
CHS.27714.2,2,0
CHS.27714.3,2,0
CHS.28.1,0,512
CHS.28609.13,1,0
CHS.28609.17,2,0
CHS.28693.40,2,0
CHS.28738.1,2,0
CHS.28738.13,2,0
CHS.28756.8,2,0
CHS.28947.11,2,0
CHS.2895.21,1,0
CHS.28952.1,2,0
CHS.28998.8,2,0
CHS.29034.3,2,0
CHS.29040.8,2,0
CHS.29097.1,2,0
CHS.29193.2,2,0
CHS.29255.4,2,0
CHS.29356.24,2,0
CHS.29404.7,2,0
CHS.29407.2,1,0
CHS.29446.3,2,0
CHS.29508.10,5,0
CHS.29516.18,2,0
CHS.29521.12,2,0
CHS.29586.1,2,0
CHS.29597.2,2,0
CHS.29602.10,2,0
CHS.29602.56,4,0
CHS.29613.3,2,0
CHS.29618.1,2,0
CHS.29624.29,2,0
CHS.29681.4,2,0
CHS.29685.2,2,0
CHS.29722.1,2,0
CHS.29731.4,2,0
CHS.29741.2,2,0
CHS.29778.1,2,0
CHS.2978.1,2,0
CHS.29784.2,6,0
CHS.29799.6,2,0
CHS.29800.8,2,0
CHS.29856.5,2,0
CHS.29887.2,2,0
CHS.29890.2,2,0
CHS.29892.9,3,0
CHS.29905.39,2,0
CHS.29915.2,2,0
CHS.29923.6,2,0
CHS.29938.3,2,0
CHS.3.1,0,138
CHS.30.1,0,431
CHS.3001.3,4,0
CHS.30017.5,4,0
CHS.30022.1,2,0
CHS.30025.1,2,0
CHS.30053.10,2,0
CHS.30053.14,2,0
CHS.30079.52,2,0
CHS.30084.14,2,0
CHS.3013.1,2,0
CHS.30135.4,4,0
CHS.30138.2,2,0
CHS.30221.9,2,0
CHS.30224.4,2,0
CHS.30241.1,2,0
CHS.30261.3,2,0
CHS.30262.3,2,0
CHS.30296.14,2,0
CHS.303.12,11,0
CHS.303.15,6,0
CHS.303.6,4,0
CHS.30492.4,2,0
CHS.30600.1,2,0
CHS.30601.4,2,0
CHS.30601.8,2,0
CHS.30791.4,2,0
CHS.30835.1,2,0
CHS.30835.2,2,0
CHS.30854.14,2,0
CHS.30917.1,2,0
CHS.30924.2,2,0
CHS.30926.7,2,0
CHS.30994.2,2,0
CHS.31.1,0,587
CHS.31.2,2,0
CHS.31099.63,2,0
CHS.31108.10,2,0
CHS.31159.4,2,0
CHS.31216.7,2,0
CHS.313.6,2,0
CHS.31302.1,4,0
CHS.31318.1,2,0
CHS.31352.21,2,0
CHS.31370.3,2,0
CHS.31383.21,2,0
CHS.31407.3,2,0
CHS.31416.11,2,0
CHS.31456.12,2,0
CHS.31510.3,2,0
CHS.31628.5,2,0
CHS.31646.37,4,0
CHS.31646.45,2,0
CHS.31707.2,2,0
CHS.31726.25,2,0
CHS.31726.6,2,0
CHS.31726.7,2,0
CHS.31820.11,2,0
CHS.31858.9,2,0
CHS.31945.3,2,0
CHS.31984.2,2,0
CHS.31993.1,4,0
CHS.31993.11,2,0
CHS.32032.25,2,0
CHS.32037.10,2,0
CHS.32047.1,2,0
CHS.32050.3,2,0
CHS.3208.37,2,0
CHS.32088.2,2,0
CHS.32176.2,2,0
CHS.32186.9,2,0
CHS.32191.3,2,0
CHS.32234.5,2,0
CHS.32271.10,2,0
CHS.32315.5,6,0
CHS.32345.2,2,0
CHS.3236.2,2,0
CHS.32372.30,2,0
CHS.32374.10,2,0
CHS.32614.1,2,0
CHS.32614.7,2,0
CHS.32617.2,2,0
CHS.32627.2,2,0
CHS.32684.28,2,0
CHS.32684.9,2,0
CHS.3277.2,2,0
CHS.32813.2,2,0
CHS.3287.16,1,0
CHS.3293.22,2,0
CHS.32979.1,2,0
CHS.32979.5,2,0
CHS.33035.6,2,0
CHS.331.13,2,0
CHS.331.21,2,0
CHS.331.23,2,0
CHS.33147.1,2,0
CHS.3321.5,2,0
CHS.33296.4,2,0
CHS.33304.2,2,0
CHS.33360.11,2,0
CHS.33371.10,2,0
CHS.33378.7,2,0
CHS.33398.2,1,0
CHS.33398.3,2,0
CHS.33407.26,2,0
CHS.33413.1,2,0
CHS.33427.16,2,0
CHS.33488.2,2,0
CHS.3352.11,2,0
CHS.3353.4,2,0
CHS.33530.1,4,0
CHS.33536.2,2,0
CHS.33584.3,2,0
CHS.33604.8,2,0
CHS.33670.5,2,0
CHS.33742.5,2,0
CHS.33818.1,2,0
CHS.34011.1,2,0
CHS.34019.3,2,0
CHS.34027.47,2,0
CHS.34031.15,4,0
CHS.34055.3,2,0
CHS.34094.38,2,0
CHS.34150.16,2,0
CHS.34224.12,2,0
CHS.34224.3,2,0
CHS.34459.1,2,0
CHS.34472.6,2,0
CHS.34521.23,2,0
CHS.34521.5,2,0
CHS.34649.3,2,0
CHS.34656.5,2,0
CHS.34663.1,2,0
CHS.3469.5,2,0
CHS.34724.20,2,0
CHS.3474.21,2,0
CHS.34906.9,2,0
CHS.3491.1,2,0
CHS.34928.2,2,0
CHS.3496.4,2,0
CHS.34968.10,2,0
CHS.35154.3,2,0
CHS.35183.1,2,0
CHS.35199.12,2,0
CHS.35256.33,2,0
CHS.35304.12,2,0
CHS.35332.5,4,0
CHS.35444.20,2,0
CHS.35520.4,2,0
CHS.35530.2,2,0
CHS.35530.70,2,0
CHS.35586.9,2,0
CHS.35722.2,2,0
CHS.35738.20,2,0
CHS.35763.2,2,0
CHS.35797.14,2,0
CHS.35797.7,2,0
CHS.35848.2,2,0
CHS.35882.1,8,0
CHS.35882.2,6,0
CHS.35882.3,10,0
CHS.35893.13,2,0
CHS.35937.12,2,0
CHS.35960.9,2,0
CHS.35969.3,2,0
CHS.35984.1,2,0
CHS.36078.1,2,0
CHS.36084.40,2,0
CHS.36155.2,2,0
CHS.36273.1,2,0
CHS.36600.1,2,0
CHS.36622.1,4,0
CHS.36622.2,2,0
CHS.36648.1,4,0
CHS.36726.17,2,0
CHS.36782.15,2,0
CHS.36782.17,2,0
CHS.36782.19,6,0
CHS.36798.1,2,0
CHS.3687.4,2,0
CHS.36898.14,2,0
CHS.36983.1,4,0
CHS.36983.2,4,0
CHS.36994.2,4,0
CHS.36999.12,2,0
CHS.36999.13,2,0
CHS.36999.2,2,0
CHS.37012.36,2,0
CHS.37012.46,2,0
CHS.37027.14,2,0
CHS.37036.14,2,0
CHS.37097.7,2,0
CHS.37114.14,2,0
CHS.37119.1,2,0
CHS.37178.7,2,0
CHS.37182.6,2,0
CHS.37194.3,2,0
CHS.37233.19,2,0
CHS.37245.9,2,0
CHS.37246.4,2,0
CHS.37246.5,2,0
CHS.37265.19,2,0
CHS.37284.22,2,0
CHS.37293.7,2,0
CHS.37300.5,2,0
CHS.37340.21,2,0
CHS.37363.2,6,0
CHS.37429.10,2,0
CHS.37429.15,2,0
CHS.37468.13,2,0
CHS.37479.1,2,0
CHS.37484.4,2,0
CHS.37493.2,2,0
CHS.37665.6,2,0
CHS.3767.20,2,0
CHS.37700.6,2,0
CHS.37714.20,2,0
CHS.3780.1,2,0
CHS.37840.1,2,0
CHS.37856.12,2,0
CHS.37856.5,2,0
CHS.37946.8,2,0
CHS.37984.6,2,0
CHS.37996.2,2,0
CHS.38110.2,2,0
CHS.38146.2,2,0
CHS.38150.6,2,0
CHS.38167.2,2,0
CHS.38274.2,2,0
CHS.38279.1,1,0
CHS.38292.19,2,0
CHS.38332.7,4,0
CHS.38374.16,2,0
CHS.38384.3,2,0
CHS.38410.23,2,0
CHS.3844.3,2,0
CHS.38449.10,2,0
CHS.38485.7,2,0
CHS.38521.11,2,0
CHS.38541.5,2,0
CHS.38558.27,2,0
CHS.38575.9,2,0
CHS.38628.2,2,0
CHS.38630.8,2,0
CHS.38632.10,2,0
CHS.38715.56,2,0
CHS.38715.99,2,0
CHS.38757.6,2,0
CHS.38800.14,2,0
CHS.38800.20,2,0
CHS.38807.7,2,0
CHS.38939.3,2,0
CHS.39040.22,2,0
CHS.39043.4,2,0
CHS.39097.9,2,0
CHS.39142.4,2,0
CHS.3919.1,2,0
CHS.39192.2,1,0
CHS.39203.16,2,0
CHS.3922.2,2,0
CHS.39322.6,2,0
CHS.39391.1,2,0
CHS.39425.14,2,0
CHS.39438.15,2,0
CHS.39445.7,2,0
CHS.39448.8,2,0
CHS.39465.2,2,0
CHS.39493.8,2,0
CHS.39680.5,4,0
CHS.39709.36,2,0
CHS.39711.10,2,0
CHS.39711.13,2,0
CHS.3978.4,2,0
CHS.39946.10,2,0
CHS.39967.4,2,0
CHS.39969.24,2,0
CHS.39999.5,2,0
CHS.40003.1,4,0
CHS.40090.9,2,0
CHS.4022.1,2,0
CHS.40229.3,2,0
CHS.40231.4,3,0
CHS.40231.5,3,0
CHS.40242.23,2,0
CHS.40246.8,2,0
CHS.40345.1,2,0
CHS.40473.5,2,0
CHS.405.5,2,0
CHS.40524.2,2,0
CHS.40590.13,2,0
CHS.40594.1,2,0
CHS.40687.39,2,0
CHS.40717.1,2,0
CHS.40720.21,2,0
CHS.40855.22,2,0
CHS.40890.2,2,0
CHS.40897.4,2,0
CHS.40897.7,2,0
CHS.40963.1,2,0
CHS.40989.15,2,0
CHS.41009.9,2,0
CHS.41017.17,2,0
CHS.41017.9,2,0
CHS.41072.2,2,0
CHS.41088.4,2,0
CHS.41216.3,2,0
CHS.413.2,2,0
CHS.415.1,2,0
CHS.41565.2,8,0
CHS.41623.2,2,0
CHS.41770.17,2,0
CHS.41819.12,2,0
CHS.41974.20,2,0
CHS.41994.1,2,0
CHS.42197.7,2,0
CHS.42341.1,2,0
CHS.42358.4,2,0
CHS.42377.39,2,0
CHS.42377.7,2,0
CHS.42384.4,2,0
CHS.42436.2,2,0
CHS.42546.8,2,0
CHS.42623.19,2,0
CHS.42657.8,1,0
CHS.42691.2,2,0
CHS.42706.24,2,0
CHS.42706.4,2,0
CHS.42743.11,2,0
CHS.42801.2,2,0
CHS.42856.1,2,0
CHS.42856.8,2,0
CHS.42969.5,2,0
CHS.43064.1,2,0
CHS.43184.29,2,0
CHS.43184.7,2,0
CHS.43188.55,2,0
CHS.43223.1,2,0
CHS.43226.10,2,0
CHS.43243.1,2,0
CHS.43273.5,2,0
CHS.43296.1,3,0
CHS.43385.1,2,0
CHS.43389.1,2,0
CHS.43444.4,2,0
CHS.4345.5,2,0
CHS.4345.6,2,0
CHS.43451.9,2,0
CHS.43469.66,2,0
CHS.43512.5,2,0
CHS.43512.7,2,0
CHS.43599.11,2,0
CHS.43603.4,2,0
CHS.43695.5,2,0
CHS.43743.1,2,0
CHS.4377.2,2,0
CHS.43791.1,2,0
CHS.43800.3,2,0
CHS.43808.2,2,0
CHS.43846.2,2,0
CHS.43847.3,2,0
CHS.43848.2,2,0
CHS.43851.13,2,0
CHS.43910.4,2,0
CHS.43915.6,2,0
CHS.43920.1,2,0
CHS.44015.2,2,0
CHS.44054.15,2,0
CHS.44077.39,2,0
CHS.44077.47,2,0
CHS.44111.8,2,0
CHS.44112.1,2,0
CHS.44186.1,2,0
CHS.44265.8,2,0
CHS.44275.1,2,0
CHS.44289.6,2,0
CHS.44362.2,2,0
CHS.44368.22,2,0
CHS.44393.18,2,0
CHS.44393.19,10,0
CHS.44393.7,2,0
CHS.44396.15,2,0
CHS.44396.4,2,0
CHS.44423.4,2,0
CHS.44429.2,2,0
CHS.44473.5,2,0
CHS.44473.6,2,0
CHS.44484.2,2,0
CHS.44542.3,2,0
CHS.44574.6,2,0
CHS.44598.26,2,0
CHS.44692.24,4,0
CHS.44692.4,2,0
CHS.44692.5,4,0
CHS.44692.6,2,0
CHS.4472.1,2,0
CHS.44751.4,2,0
CHS.44757.6,2,0
CHS.44838.12,2,0
CHS.44838.13,2,0
CHS.44862.1,2,0
CHS.44880.6,1,0
CHS.44941.9,2,0
CHS.44946.10,1,0
CHS.44946.30,4,0
CHS.44951.14,2,0
CHS.45003.21,6,0
CHS.45003.3,6,0
CHS.45110.2,2,0
CHS.45112.2,2,0
CHS.45112.21,2,0
CHS.4517.8,4,0
CHS.45181.18,2,0
CHS.45277.2,2,0
CHS.45321.2,2,0
CHS.4535.2,2,0
CHS.45360.7,2,0
CHS.45412.51,2,0
CHS.45503.13,2,0
CHS.45525.1,2,0
CHS.45539.5,2,0
CHS.4582.12,2,0
CHS.45862.5,2,0
CHS.45870.2,2,0
CHS.45890.7,2,0
CHS.4590.1,2,0
CHS.45913.1,6,0
CHS.45913.2,4,0
CHS.45913.3,2,0
CHS.45913.4,4,0
CHS.45913.5,2,0
CHS.45913.6,6,0
CHS.45922.1,2,0
CHS.45948.18,2,0
CHS.45948.6,2,0
CHS.45952.3,14,0
CHS.45961.2,2,0
CHS.45961.3,2,0
CHS.45974.3,2,0
CHS.45993.2,2,0
CHS.45997.4,2,0
CHS.46037.5,2,0
CHS.46040.2,2,0
CHS.46040.8,2,0
CHS.46045.1,12,0
CHS.46045.2,2,0
CHS.46045.3,3,0
CHS.46047.1,2,0
CHS.46049.1,4,0
CHS.46056.17,2,0
CHS.46058.18,2,0
CHS.46069.1,2,0
CHS.46077.2,2,0
CHS.46077.3,2,0
CHS.46078.1,2,0
CHS.46084.1,1,0
CHS.46091.1,14,0
CHS.46146.3,2,0
CHS.46155.2,2,0
CHS.46161.4,2,0
CHS.46181.1,4,0
CHS.46181.16,4,0
CHS.46269.13,2,0
CHS.46453.1,2,0
CHS.46453.10,2,0
CHS.46453.12,2,0
CHS.46453.16,2,0
CHS.46453.9,2,0
CHS.46509.3,2,0
CHS.46630.10,2,0
CHS.46749.13,18,0
CHS.46749.18,32,0
CHS.46749.3,12,0
CHS.46776.17,2,0
CHS.4682.3,2,0
CHS.46845.14,2,0
CHS.46941.1,2,0
CHS.46948.4,2,0
CHS.46951.5,2,0
CHS.4701.2,2,0
CHS.47039.8,2,0
CHS.47054.4,2,0
CHS.47103.1,2,0
CHS.47103.12,2,0
CHS.47119.5,2,0
CHS.47169.3,2,0
CHS.47282.26,2,0
CHS.47307.2,2,0
CHS.4739.27,2,0
CHS.47503.2,2,0
CHS.47503.3,4,0
CHS.47549.16,2,0
CHS.4758.7,2,0
CHS.47613.4,2,0
CHS.47613.5,2,0
CHS.47613.6,2,0
CHS.47782.2,2,0
CHS.47785.1,2,0
CHS.47847.16,2,0
CHS.4787.6,2,0
CHS.47965.12,2,0
CHS.4946.3,4,0
CHS.49728.8,2,0
CHS.49736.18,2,0
CHS.49762.1,2,0
CHS.49762.9,2,0
CHS.49800.4,2,0
CHS.49814.4,38,0
CHS.49819.1,2,0
CHS.49846.3,2,0
CHS.49879.4,2,0
CHS.50029.24,2,0
CHS.50076.2,2,0
CHS.50106.6,2,0
CHS.50127.7,2,0
CHS.50127.8,2,0
CHS.5013.1,2,0
CHS.50133.4,2,0
CHS.50137.3,2,0
CHS.50171.15,2,0
CHS.5018.8,2,0
CHS.5021.8,2,0
CHS.50216.4,2,0
CHS.50275.24,2,0
CHS.50275.35,2,0
CHS.50388.9,2,0
CHS.50519.3,2,0
CHS.50524.1,2,0
CHS.50610.39,2,0
CHS.50646.9,2,0
CHS.50671.4,2,0
CHS.50745.4,2,0
CHS.50804.21,2,0
CHS.50830.36,2,0
CHS.50871.3,2,0
CHS.50905.2,2,0
CHS.50907.1,2,0
CHS.50927.5,2,0
CHS.50955.2,2,0
CHS.51028.1,4,0
CHS.51161.1,2,0
CHS.51164.34,2,0
CHS.51174.4,2,0
CHS.5123.25,2,0
CHS.51232.6,2,0
CHS.51240.3,2,0
CHS.51280.1,2,0
CHS.51280.26,2,0
CHS.51328.2,2,0
CHS.51340.8,2,0
CHS.51407.1,2,0
CHS.51491.2,1,0
CHS.51496.4,2,0
CHS.51559.43,2,0
CHS.51620.26,2,0
CHS.51645.3,2,0
CHS.51683.3,2,0
CHS.51757.3,2,0
CHS.51782.4,2,0
CHS.51793.4,2,0
CHS.51809.26,2,0
CHS.51894.2,2,0
CHS.51923.11,2,0
CHS.51943.4,4,0
CHS.51989.16,2,0
CHS.52032.14,2,0
CHS.52037.9,2,0
CHS.52589.8,2,0
CHS.5260.17,2,0
CHS.52869.1,2,0
CHS.5295.27,2,0
CHS.53028.4,2,0
CHS.53029.1,2,0
CHS.53045.15,2,0
CHS.53051.8,1,0
CHS.53245.28,2,0
CHS.53245.37,2,0
CHS.53248.1,2,0
CHS.53248.7,2,0
CHS.53307.7,2,0
CHS.53345.4,2,0
CHS.53405.11,2,0
CHS.53418.5,2,0
CHS.53460.4,2,0
CHS.53460.9,4,0
CHS.53503.3,2,0
CHS.53530.4,2,0
CHS.53586.2,2,0
CHS.53602.13,1,0
CHS.53661.13,2,0
CHS.53695.13,2,0
CHS.53695.16,6,0
CHS.53695.2,6,0
CHS.53788.2,2,0
CHS.53831.33,2,0
CHS.53974.1,2,0
CHS.54022.1,2,0
CHS.54022.16,2,0
CHS.54026.4,2,0
CHS.54055.1,2,0
CHS.54073.19,1,0
CHS.54073.24,2,0
CHS.54134.4,2,0
CHS.54149.5,2,0
CHS.54201.3,2,0
CHS.54266.12,2,0
CHS.54271.12,2,0
CHS.5431.13,2,0
CHS.54464.3,2,0
CHS.54502.54,1,0
CHS.54574.6,2,0
CHS.54611.2,2,0
CHS.54722.7,2,0
CHS.54725.10,2,0
CHS.54805.4,2,0
CHS.54817.6,2,0
CHS.54940.43,2,0
CHS.54974.3,2,0
CHS.55004.3,2,0
CHS.55033.2,2,0
CHS.55113.30,2,0
CHS.55156.62,2,0
CHS.55157.1,4,0
CHS.55157.13,8,0
CHS.55307.101,2,0
CHS.55309.3,2,0
CHS.55348.1,2,0
CHS.55383.18,2,0
CHS.55383.19,2,0
CHS.55403.2,4,0
CHS.55408.22,4,0
CHS.5541.4,2,0
CHS.55444.10,2,0
CHS.55444.8,2,0
CHS.5545.6,2,0
CHS.55467.4,2,0
CHS.5549.14,2,0
CHS.5562.6,4,0
CHS.55718.28,2,0
CHS.55895.8,2,0
CHS.55901.45,2,0
CHS.56006.13,2,0
CHS.56046.6,2,0
CHS.56104.1,2,0
CHS.5614.10,2,0
CHS.56157.37,2,0
CHS.5624.10,2,0
CHS.5624.3,2,0
CHS.56283.6,2,0
CHS.56364.13,2,0
CHS.56396.1,2,0
CHS.56422.37,2,0
CHS.56436.28,2,0
CHS.56443.3,2,0
CHS.56460.12,4,0
CHS.56460.14,2,0
CHS.56515.5,2,0
CHS.56630.6,2,0
CHS.56635.13,2,0
CHS.56638.7,2,0
CHS.56639.10,2,0
CHS.56642.2,2,0
CHS.56649.3,2,0
CHS.56666.4,2,0
CHS.56694.6,2,0
CHS.56720.20,2,0
CHS.56749.1,2,0
CHS.56797.1,4,0
CHS.56800.9,2,0
CHS.56813.7,2,0
CHS.56839.2,2,0
CHS.56953.5,2,0
CHS.57007.3,2,0
CHS.5701.5,2,0
CHS.57011.15,4,0
CHS.57049.1,2,0
CHS.57049.14,6,0
CHS.57170.10,2,0
CHS.57239.19,2,0
CHS.5730.5,2,0
CHS.57315.1,3,0
CHS.57316.1,8,0
CHS.57317.1,26,0
CHS.57318.1,8,0
CHS.57319.1,11,0
CHS.57321.1,2,0
CHS.57322.1,4,0
CHS.57323.1,3,0
CHS.57324.1,23,0
CHS.57325.1,12,0
CHS.57326.1,3,0
CHS.57461.2,4,0
CHS.57540.5,14,0
CHS.57590.1,4,0
CHS.5764.5,2,0
CHS.57655.2,2,0
CHS.57697.1,4,0
CHS.57697.2,2,0
CHS.57709.2,4,0
CHS.57825.23,2,0
CHS.57837.5,2,0
CHS.57851.2,2,0
CHS.57851.20,2,0
CHS.57929.4,2,0
CHS.57966.20,2,0
CHS.58072.41,2,0
CHS.58222.5,2,0
CHS.58233.2,2,0
CHS.58242.30,2,0
CHS.58262.13,2,0
CHS.58262.2,8,0
CHS.58287.10,2,0
CHS.58315.7,2,0
CHS.58321.1,4,0
CHS.58325.3,2,0
CHS.58329.8,2,0
CHS.58334.2,1,0
CHS.58427.3,2,0
CHS.58428.1,2,0
CHS.58537.16,2,0
CHS.5862.10,2,0
CHS.58642.7,2,0
CHS.58652.3,2,0
CHS.58660.3,2,0
CHS.5872.19,2,0
CHS.58720.3,2,0
CHS.58723.6,2,0
CHS.58766.9,2,0
CHS.58973.18,2,0
CHS.590.6,2,0
CHS.59043.11,2,0
CHS.59057.15,2,0
CHS.59070.16,2,0
CHS.59070.17,2,0
CHS.59070.27,4,0
CHS.59073.1,2,0
CHS.59076.10,2,0
CHS.59076.18,2,0
CHS.59076.26,2,0
CHS.59076.8,2,0
CHS.59082.1,2,0
CHS.59117.1,2,0
CHS.5961.7,2,0
CHS.6005.9,2,0
CHS.60410.1,4,0
CHS.60412.1,20,0
CHS.6148.3,2,0
CHS.6168.21,2,0
CHS.6188.1,2,0
CHS.6225.1,2,0
CHS.6256.2,2,0
CHS.6355.8,2,0
CHS.6367.13,1,0
CHS.6367.4,2,0
CHS.6400.3,2,0
CHS.6412.1,4,0
CHS.6457.12,2,0
CHS.6535.13,2,0
CHS.6573.4,2,0
CHS.6573.6,2,0
CHS.6573.7,2,0
CHS.6756.3,2,0
CHS.6756.5,2,0
CHS.6814.29,2,0
CHS.6814.42,2,0
CHS.6814.46,2,0
CHS.6864.4,2,0
CHS.6882.16,2,0
CHS.6882.17,2,0
CHS.6895.3,2,0
CHS.6899.7,4,0
CHS.6902.1,2,0
CHS.6981.1,10,0
CHS.6988.2,2,0
CHS.7.15,0,459
CHS.7.27,0,580
CHS.7.36,0,568
CHS.7048.56,2,0
CHS.706.7,2,0
CHS.7081.65,2,0
CHS.7163.15,2,0
CHS.7169.2,2,0
CHS.717.22,2,0
CHS.746.5,2,0
CHS.746.6,2,0
CHS.7519.2,2,0
CHS.7519.4,2,0
CHS.7679.14,2,0
CHS.771.17,4,0
CHS.7732.12,4,0
CHS.7791.1,2,0
CHS.7859.3,2,0
CHS.7990.9,2,0
CHS.8014.3,2,0
CHS.8031.5,2,0
CHS.8048.7,2,0
CHS.8066.3,2,0
CHS.8079.43,2,0
CHS.8087.1,2,0
CHS.8087.3,4,0
CHS.8110.2,2,0
CHS.8150.2,2,0
CHS.8159.2,2,0
CHS.817.78,2,0
CHS.8233.1,4,0
CHS.8233.15,2,0
CHS.8233.2,4,0
CHS.8233.3,2,0
CHS.8255.6,2,0
CHS.8350.1,2,0
CHS.8377.1,6,0
CHS.8384.1,2,0
CHS.8389.3,2,0
CHS.8425.1,2,0
CHS.8436.4,2,0
CHS.8457.1,4,0
CHS.8501.5,2,0
CHS.8597.2,2,0
CHS.8603.2,2,0
CHS.8608.29,2,0
CHS.865.10,2,0
CHS.865.11,2,0
CHS.8731.10,1,0
CHS.8731.13,2,0
CHS.8739.2,2,0
CHS.8750.3,2,0
CHS.8754.4,2,0
CHS.8841.13,2,0
CHS.8883.2,2,0
CHS.8908.1,2,0
CHS.8913.11,2,0
CHS.8916.14,2,0
CHS.8948.12,4,0
CHS.8948.2,4,0
CHS.8956.9,2,0
CHS.8974.4,2,0
CHS.898.1,2,0
CHS.9054.5,2,0
CHS.909.4,2,0
CHS.91.15,2,0
CHS.9110.1,2,0
CHS.9110.5,2,0
CHS.9115.1,1,0
CHS.9136.23,2,0
CHS.9168.21,2,0
CHS.9170.12,2,0
CHS.9192.6,2,0
CHS.920.2,2,0
CHS.9223.12,2,0
CHS.9285.1,2,0
CHS.9285.14,2,0
CHS.9446.9,2,0
CHS.9460.4,2,0
CHS.9511.4,2,0
CHS.9511.5,2,0
CHS.9511.6,4,0
CHS.9623.4,2,0
CHS.9625.4,2,0
CHS.9738.21,2,0
CHS.9825.14,2,0
CHS.9931.11,2,0
CHS.9950.11,4,0
CHS.996.1,2,0
